artist,instrument,birthdate,deathdate,alive,bday_dt,dday_dt,age_yrs,cause_of_death,Column1
Irving Aaronson,Piano,1895,3/10/1963,FALSE,1895-01-01,3/10/1963,68,Heart Attack,
Anders Aarum,Piano,12/17/1974,NaN,TRUE,12/17/1974,,45,NaN,
Mike Abene,Piano,1942,NaN,TRUE,1/1/1942,,78,NaN,
Don Abney,Piano,1923,1/20/2000,FALSE,1/1/1923,1/20/2000,77,Kidney Dialysis,
Chris Abrahams,Piano,1961,NaN,TRUE,1/1/1961,,59,NaN,
Muhal Richard Abrams,Piano,9/19/1930,10/29/2017,FALSE,9/19/1930,10/29/2017,87,NaN,
John Adriano Acea,Piano,1917,1963,FALSE,1/1/1917,1/1/1963,45,NaN,
Beegie Adair,Piano,12/11/1937,NaN,TRUE,12/11/1937,,82,NaN,
Kei Akagi,Piano,3/16/1953,NaN,TRUE,3/16/1953,,67,NaN,
Toshiko Akiyoshi,Piano,12/12/1929,NaN,TRUE,12/12/1929,,90,NaN,
Erling Aksdal Jr.,Piano,2/18/1953,NaN,TRUE,2/18/1953,,67,NaN,
Joe Albany,Piano,1/24/1924,1/12/1988,FALSE,1/24/1924,1/12/1988,63,Heart Attack,
Tony Aless,Piano,8/28/1921,1/11/1988,FALSE,8/28/1921,1/11/1988,66,NaN,
Charlie Alexander,Piano,1890,1970,FALSE,1890-01-01,1/1/1970,79,NaN,
Joey Alexander,Piano,6/25/2003,NaN,TRUE,6/25/2003,,17,NaN,
Monty Alexander,Piano,6/6/1944,NaN,TRUE,6/6/1944,,76,NaN,
Sinan Alimanović,Piano,2/11/1954,NaN,TRUE,2/11/1954,,66,NaN,
Esther Allan,Piano,1914,1985,FALSE,1/1/1914,1/1/1985,71,Heart Failure,
Geri Allen,Piano,1957,2017,FALSE,1/1/1957,1/1/2017,60,Cancer,
Steve Allen,Piano,1921,2000,FALSE,1/1/1921,1/1/2000,78,Car Accident,
Mose Allison,Piano,11/11/1927,11/15/2016,FALSE,11/11/1927,11/15/2016,89,NaN,
Mikhail Alperin,Piano,11/7/1956,5/11/2018,FALSE,11/7/1956,5/11/2018,61,NaN,
Helio Alves,Piano,1966,NaN,TRUE,1/1/1966,,54,NaN,
Jimmy Amadie,Piano,1937,2013,FALSE,1/1/1937,1/1/2013,76,Cancer (Lung),
Albert Ammons,Piano,3/1/1907,12/2/1949,FALSE,3/1/1907,12/2/1949,42,Natural Causes,
Franck Amsallem,Piano,10/25/1961,NaN,TRUE,10/25/1961,,58,NaN,
Chris Anderson,Piano,2/26/1926,2/4/2008,FALSE,2/26/1926,2/4/2008,81,Stroke,
Bill Anschell,Piano,NaN,NaN,NaN,,,NaN,NaN,
Jim Aton,Double bass,1925,2008,FALSE,1/1/1925,1/1/2008,82,NaN,
Ivar Antonsen,Piano,4/16/1946,NaN,TRUE,4/16/1946,,74,NaN,
Lil Hardin Armstrong,Piano,1898,8/27/1971,FALSE,1898-01-01,8/27/1971,73,Heart Attack,
Dag Arnesen,Piano,5/3/1950,NaN,TRUE,5/3/1950,,70,NaN,
Lynne Arriale,Piano,1957,NaN,TRUE,1/1/1957,,63,NaN,
Roy Assaf,Piano,NaN,NaN,NaN,,,NaN,NaN,
Ehud Asherie,Piano,1979,NaN,TRUE,1/1/1979,,41,NaN,
Fahir Atakoğlu,Piano,NaN,NaN,NaN,,,NaN,NaN,
Eivind Austad,Piano,11/3/1973,NaN,TRUE,11/3/1973,,46,NaN,
Lovie Austin,Piano,1887-09-19,7/8/1972,FALSE,1887-09-19,7/8/1972,84,NaN,
Franck Avitabile,Piano,11/24/1971,NaN,TRUE,11/24/1971,,48,NaN,
Rafig Babayev,Piano,3/31/1937,3/19/1994,FALSE,3/31/1937,3/19/1994,56,Victim of Terrorism,
Ilir Bajri,Piano,1969,NaN,TRUE,1/1/1969,,51,NaN,
Bob Baldwin,Piano,1960,NaN,TRUE,1/1/1960,,60,NaN,
Jon Balke,Piano,6/7/1955,NaN,TRUE,6/7/1955,,65,NaN,
Jon Ballantyne,Piano,1963,NaN,TRUE,1/1/1963,,57,NaN,
Louis Banks,Piano,2/11/1941,NaN,TRUE,2/11/1941,,79,NaN,
Patricia Barber,Vocals,11/8/1955,NaN,TRUE,11/8/1955,,64,NaN,
Kenny Barron,Piano,6/9/1943,NaN,TRUE,6/9/1943,,77,NaN,
Bruce Barth,Piano,9/7/1958,NaN,TRUE,9/7/1958,,62,NaN,
Nik Bärtsch,Piano,1971,NaN,TRUE,1/1/1971,,49,NaN,
Count Basie,Piano,8/21/1904,4/26/1984,FALSE,8/21/1904,4/26/1984,79,Cancer (Pancreas),
Dave Bass,Piano,6/21/1950,NaN,TRUE,6/21/1950,,70,NaN,
Django Bates,Piano,10/2/1960,NaN,TRUE,10/2/1960,,59,NaN,
Jonathan Batiste,Piano,11/11/1986,NaN,TRUE,11/11/1986,,33,NaN,
Stefano Battaglia,Piano,1965,NaN,TRUE,1/1/1965,,55,NaN,
Emily Bear,Piano,8/30/2001,NaN,TRUE,8/30/2001,,19,NaN,
Jim Beard,Keyboards,8/26/1960,NaN,TRUE,8/26/1960,,60,NaN,
John Beasley,Piano,10/10/1960,NaN,TRUE,10/10/1960,,59,NaN,
Gordon Beck,Piano,9/16/1935,11/6/2011,FALSE,9/16/1935,11/6/2011,76,NaN,
Burak Bedikyan,Piano,NaN,NaN,NaN,,,NaN,NaN,
Peter Beets,Piano,6/12/1971,NaN,TRUE,6/12/1971,,49,NaN,
Richie Beirach,Piano,5/23/1947,NaN,TRUE,5/23/1947,,73,NaN,
Martin Bejerano,Piano,NaN,NaN,NaN,,,NaN,NaN,
Marco Benevento,Piano,7/22/1977,NaN,TRUE,7/22/1977,,43,NaN,
David Benoit,Piano,8/18/1953,NaN,TRUE,8/18/1953,,67,NaN,
Espen Berg,Piano,6/30/1983,NaN,TRUE,6/30/1983,,37,NaN,
Shelly Berg,Piano,1955,NaN,TRUE,1/1/1955,,65,NaN,
Borah Bergman,Piano,12/13/1926,10/18/2012,FALSE,12/13/1926,10/18/2012,85,Dementia,
David Berkman,Piano,1958,NaN,TRUE,1/1/1958,,62,NaN,
Mark Berman,Piano,NaN,NaN,NaN,,,NaN,NaN,
Warren Bernhardt,Piano,1938,NaN,TRUE,1/1/1938,,82,NaN,
Ove Alexander Billington,Piano,8/10/1979,NaN,TRUE,8/10/1979,,41,NaN,
Károly Binder,Piano,1956,NaN,TRUE,1/1/1956,,64,NaN,
Adam Birnbaum,Piano,1979,NaN,TRUE,1/1/1979,,41,NaN,
Michel Bisceglia,Piano,1/4/1970,NaN,TRUE,1/4/1970,,50,NaN,
"Walter Bishop, Jr.",Piano,10/4/1927,1/24/1998,FALSE,10/4/1927,1/24/1998,70,Heart Attack,
Terje Bjørklund,Piano,1/2/1945,NaN,TRUE,1/2/1945,,75,NaN,
Ketil Bjørnstad,Piano,4/25/1952,NaN,TRUE,4/25/1952,,68,NaN,
Miles Black,Piano,4/13/1966,NaN,TRUE,4/13/1966,,54,NaN,
Eubie Blake,Piano,1887-02-07,2/12/1983,FALSE,1887-02-07,2/12/1983,96,NaN,
Ran Blake,Piano,4/20/1935,NaN,TRUE,4/20/1935,,85,NaN,
Paul Bley,Piano,11/10/1932,1/3/2016,FALSE,11/10/1932,1/3/2016,83,Natural Causes,
Carla Bley,Piano,5/11/1936,NaN,TRUE,5/11/1936,,84,NaN,
Oddbjørn Blindheim,Piano,2/24/1944,NaN,TRUE,2/24/1944,,76,NaN,
Brynjulf Blix,Piano,12/20/1951,NaN,TRUE,12/20/1951,,68,NaN,
Jimmy Blythe,Piano,5/20/1901,6/14/1931,FALSE,5/20/1901,6/14/1931,30,Meningitis,
Stefano Bollani,Piano,12/5/1972,NaN,TRUE,12/5/1972,,47,NaN,
Claude Bolling,Piano,4/10/1930,NaN,TRUE,4/10/1930,,90,NaN,
Rune Brøndbo,Keyboards,3/2/1968,NaN,TRUE,3/2/1968,,52,NaN,
Joe Bonner,Piano,1948,NaN,TRUE,1/1/1948,,72,NaN,
Beryl Booker,Piano,6/7/1922,9/30/1978,FALSE,6/7/1922,9/30/1978,56,NaN,
James Booker,Keyboards,12/17/1939,1983,FALSE,12/17/1939,1/1/1983,43,Kidney Failure,
Thomas Borino,Piano,NaN,NaN,NaN,,,NaN,NaN,
Michiel Borstlap,Piano,8/5/1966,NaN,TRUE,8/5/1966,,54,NaN,
Kris Bowers,Piano,1989,NaN,TRUE,1/1/1989,,31,NaN,
Ivan Božičević,Piano,1961,NaN,TRUE,1/1/1961,,59,NaN,
Joanne Brackeen,Piano,7/26/1938,NaN,TRUE,7/26/1938,,82,NaN,
David Braid,Piano,3/25/1975,NaN,TRUE,3/25/1975,,45,NaN,
Alan Broadbent,Piano,4/23/1947,NaN,TRUE,4/23/1947,,73,NaN,
Hadda Brooks,Piano,10/29/1916,11/21/2002,FALSE,10/29/1916,11/21/2002,86,Surgery Complications,
Charles Brown,Piano,9/13/1922,1/21/1999,FALSE,9/13/1922,1/21/1999,76,Heart Failure,
Cleo Brown,Piano,or,NaN,TRUE,,,nan,NaN,
Donald Brown,Piano,3/28/1954,NaN,TRUE,3/28/1954,,66,NaN,
"Vernell Brown, Jr.",Piano,8/13/1971,NaN,TRUE,8/13/1971,,49,NaN,
Brian Browne,Piano,3/16/1937,6/5/2018,FALSE,3/16/1937,6/5/2018,81,Cancer (Lung),
Dave Brubeck,Piano,12/6/1920,12/5/2012,FALSE,12/6/1920,12/5/2012,91,Heart Failure,
Rainer Brüninghaus,Piano,1949,NaN,TRUE,1/1/1949,,71,NaN,
Gary Brunotte,Piano,1948,NaN,TRUE,1/1/1948,,72,NaN,
Ray Bryant,Piano,1931,6/2/2011,FALSE,1/1/1931,6/2/2011,80,Illness,
Milt Buckner,Piano,7/10/1915,7/27/1977,FALSE,7/10/1915,7/27/1977,62,Heart Attack,
Roy Budd,Piano,1947,1993,FALSE,1/1/1947,1/1/1993,46,Brain Hemorrhage,
Alex Bugnon,Piano,10/10/1958,NaN,TRUE,10/10/1958,,61,NaN,
John Bunch,Piano,12/1/1921,3/30/2010,FALSE,12/1/1921,3/30/2010,88,Cancer (Skin),
Markus Burger,Piano,9/30/1966,NaN,TRUE,9/30/1966,,53,NaN,
Ralph Burns,Piano,6/29/1922,11/21/2001,FALSE,6/29/1922,11/21/2001,79,Stroke,
Dave Burrell,Piano,9/10/1940,NaN,TRUE,9/10/1940,,80,NaN,
Terry Burrus,Keyboards,NaN,NaN,NaN,,,NaN,NaN,
Joe Bushkin,Piano,1916,11/3/2004,FALSE,1/1/1916,11/3/2004,88,NaN,
Henry Butler,Piano,9/21/1948,7/2/2018,FALSE,9/21/1948,7/2/2018,69,Cancer,
Jaki Byard,Piano,6/15/1922,2/11/1999,FALSE,6/15/1922,2/11/1999,76,Murdered,
George Cables,Piano,11/14/1944,NaN,TRUE,11/14/1944,,75,NaN,
Michael Cain,Piano,4/2/1966,NaN,TRUE,4/2/1966,,54,NaN,
Uri Caine,Piano,6/8/1956,NaN,TRUE,6/8/1956,,64,NaN,
Joey Calderazzo,Piano,2/27/1965,NaN,TRUE,2/27/1965,,55,NaN,
Michel Camilo,Piano,4/4/1954,NaN,TRUE,4/4/1954,,66,NaN,
John Campbell,Piano,1955,NaN,TRUE,1/1/1955,,65,NaN,
Valerie Capers,Piano,5/24/1935,NaN,TRUE,5/24/1935,,85,NaN,
Hoagy Carmichael,Piano,1899-11-22,12/27/1981,FALSE,1899-11-22,12/27/1981,82,Heart Attack,
Judy Carmichael,Piano,11/27/1957,NaN,TRUE,11/27/1957,,62,NaN,
Barbara Carroll,Piano,1/25/1925,2/12/2017,FALSE,1/25/1925,2/12/2017,92,NaN,
Bill Carrothers,Piano,1964,NaN,TRUE,1/1/1964,,56,NaN,
Marc Cary,Piano,1/29/1967,NaN,TRUE,1/29/1967,,53,NaN,
Dick Cary,Trumpet,7/10/1916,1994,FALSE,7/10/1916,1/1/1994,77,NaN,
Page Cavanaugh,Piano,1922,2008,FALSE,1/1/1922,1/1/2008,86,Kidney Failure,
Bill Charlap,Piano,10/15/1966,NaN,TRUE,10/15/1966,,53,NaN,
Ray Charles,Vocals,9/23/1930,6/10/2004,FALSE,9/23/1930,6/10/2004,73,Liver Failure,
Jo-Yu Chen,Piano,NaN,NaN,NaN,,,NaN,NaN,
Cyrus Chestnut,Piano,1/17/1963,NaN,TRUE,1/17/1963,,57,NaN,
Billy Childs,Piano,1957,NaN,TRUE,1/1/1957,,63,NaN,
Joe Chindamo,Piano,1951,NaN,TRUE,1/1/1951,,69,NaN,
Herman Chittison,Piano,10/15/1908,3/8/1967,FALSE,10/15/1908,3/8/1967,58,NaN,
Eugen Cicero,Piano,1940,1997,FALSE,1/1/1940,1/1/1997,57,Cerebral Apoplexy,
Peter Cincotti,Vocals,7/11/1983,NaN,TRUE,7/11/1983,,37,NaN,
Sarah Jane Cion,Piano,NaN,NaN,NaN,,,NaN,NaN,
Alan Clare,Piano,5/31/1921,11/29/1993,FALSE,5/31/1921,11/29/1993,72,NaN,
Sonny Clark,Piano,7/21/1931,1/13/1963,FALSE,7/21/1931,1/13/1963,31,Overdose (Heroin),
Mathias Claus,Piano,5/15/1956,NaN,TRUE,5/15/1956,,64,NaN,
Gerald Clayton,Piano,5/11/1984,NaN,TRUE,5/11/1984,,36,NaN,
John Cocuzzi,Piano,1964,NaN,TRUE,1/1/1964,,56,NaN,
Dolo Coker,Piano,11/16/1927,4/13/1983,FALSE,11/16/1927,4/13/1983,55,Cancer,
Nat King Cole,Piano,3/17/1919,2/15/1965,FALSE,3/17/1919,2/15/1965,45,Cancer (Lung),
John Colianni,Piano,1963,NaN,TRUE,1/1/1963,,57,NaN,
George Colligan,Piano,12/29/1969,NaN,TRUE,12/29/1969,,50,NaN,
Alice Coltrane,Piano,8/27/1937,1/12/2007,FALSE,8/27/1937,1/12/2007,69,Respiratory Failure,
"Harry Connick, Jr.",Piano,1967,NaN,TRUE,1/1/1967,,53,NaN,
Marc Copland,Piano,5/27/1948,NaN,TRUE,5/27/1948,,72,NaN,
Laurent Coq,Piano,2/22/1970,NaN,TRUE,2/22/1970,,50,NaN,
Chick Corea,Piano,6/12/1941,NaN,TRUE,6/12/1941,,79,NaN,
Glenn Corneille,Piano,7/13/1970,8/23/2005,FALSE,7/13/1970,8/23/2005,35,Car Accident,
Eddie Costa,Piano,1930,7/28/1962,FALSE,1/1/1930,7/28/1962,32,Car Accident,
Johnny Costa,Piano,1/18/1922,10/11/1996,FALSE,1/18/1922,10/11/1996,74,Aplastic Anemia,
Tom Coster,Keyboards,8/21/1941,NaN,TRUE,8/21/1941,,79,NaN,
Sylvie Courvoisier,Piano,11/30/1968,NaN,TRUE,11/30/1968,,51,NaN,
Stanley Cowell,Piano,5/5/1941,NaN,TRUE,5/5/1941,,79,NaN,
Neil Cowley,Piano,11/5/1972,NaN,TRUE,11/5/1972,,47,NaN,
Dan Cray,Piano,1977,NaN,TRUE,1/1/1977,,43,NaN,
Marilyn Crispell,Piano,3/30/1947,NaN,TRUE,3/30/1947,,73,NaN,
Connie Crothers,Piano,5/2/1941,2016,FALSE,5/2/1941,1/1/2016,74,Cancer (Lung),
Brian Culbertson,Keyboards,1/12/1973,NaN,TRUE,1/12/1973,,47,NaN,
Jamie Cullum,Vocals,8/20/1979,NaN,TRUE,8/20/1979,,41,NaN,
Christopher Culpo,Piano,NaN,NaN,NaN,,,NaN,NaN,
Bill Cunliffe,Piano,6/26/1956,NaN,TRUE,6/26/1956,,64,NaN,
Maestro Curtis,Piano,1956,NaN,TRUE,1/1/1956,,64,NaN,
Franco D'Andrea,Piano,3/8/1941,NaN,TRUE,3/8/1941,,79,NaN,
Carsten Dahl,Piano,1967,NaN,TRUE,1/1/1967,,53,NaN,
Harald Dahlstrøm,Piano,3/2/1961,NaN,TRUE,3/2/1961,,59,NaN,
Albert Dailey,Piano,6/16/1939,6/26/1984,FALSE,6/16/1939,6/26/1984,45,Pneumonia,
Eyolf Dale,Piano,3/5/1985,NaN,TRUE,3/5/1985,,35,NaN,
Tadd Dameron,Piano,2/21/1917,3/8/1965,FALSE,2/21/1917,3/8/1965,48,Cancer,
Putney Dandridge,Piano,1902,2/15/1946,FALSE,1/1/1902,2/15/1946,44,NaN,
Harold Danko,Piano,6/13/1947,NaN,TRUE,6/13/1947,,73,NaN,
Kris Davis,Piano,1980,NaN,TRUE,1/1/1980,,40,NaN,
Ron Davis,Piano,NaN,NaN,NaN,,,NaN,NaN,
Suzanne Davis,Piano,1953,NaN,TRUE,1/1/1953,,67,NaN,
"Walter Davis, Jr.",Piano,9/2/1932,6/2/1990,FALSE,9/2/1932,6/2/1990,57,Liver Disease,
Xavier Davis,Piano,1971,NaN,TRUE,1/1/1971,,49,NaN,
Blossom Dearie,Vocals,4/28/1924,2/7/2009,FALSE,4/28/1924,2/7/2009,84,Natural Causes,
Benoit Delbecq,Piano,6/6/1966,NaN,TRUE,6/6/1966,,54,NaN,
Eumir Deodato,Keyboards,6/22/1942,NaN,TRUE,6/22/1942,,78,NaN,
Dena DeRose,Vocals,2/15/1966,NaN,TRUE,2/15/1966,,54,NaN,
Stuart de Silva,Piano,NaN,NaN,NaN,,,NaN,NaN,
Lorraine Desmarais,Piano,8/15/1956,NaN,TRUE,8/15/1956,,64,NaN,
Neville Dickie,Piano,1937,NaN,TRUE,1/1/1937,,83,NaN,
Eldar Djangirov,Piano,1/28/1987,NaN,TRUE,1/28/1987,,33,NaN,
Steve Dobrogosz,Piano,1956,NaN,TRUE,1/1/1956,,64,NaN,
Niels Lan Doky,Piano,10/3/1963,NaN,TRUE,10/3/1963,,56,NaN,
João Donato,Piano,8/17/1934,NaN,TRUE,8/17/1934,,86,NaN,
Dorothy Donegan,Piano,4/6/1922,5/19/1998,FALSE,4/6/1922,5/19/1998,76,Cancer,
Armen Donelian,Piano,1950,NaN,TRUE,1/1/1950,,70,NaN,
Kit Downes,Piano,1986,NaN,TRUE,1/1/1986,,34,NaN,
Kenny Drew,Piano,8/28/1928,8/4/1993,FALSE,8/28/1928,8/4/1993,64,Cancer (Stomach),
"Kenny Drew, Jr.",Piano,1958,8/3/2014,FALSE,1/1/1958,8/3/2014,56,NaN,
George Duke,Vocals,1/12/1946,8/5/2013,FALSE,1/12/1946,8/5/2013,67,Leukemia,
Jozef Dumoulin,Fender Rhodes,4/27/1975,NaN,TRUE,4/27/1975,,45,NaN,
Hank Duncan,Piano,1894,1968,FALSE,1894-01-01,1/1/1968,73,NaN,
Geoff Eales,Piano,1951,NaN,TRUE,1/1/1951,,69,NaN,
John Eaton,Piano,1934,NaN,TRUE,1/1/1934,,86,NaN,
Marte Eberson,Keyboards,1987,NaN,TRUE,1/1/1987,,33,NaN,
Luiz Eça,Piano,4/3/1936,5/24/1992,FALSE,4/3/1936,5/24/1992,56,NaN,
Joanna Eden,Piano,NaN,NaN,NaN,,,NaN,NaN,
Peter Edwards,Piano,NaN,NaN,NaN,,,NaN,NaN,
Taylor Eigsti,Piano,9/24/1984,NaN,TRUE,9/24/1984,,35,NaN,
Eliane Elias,Piano,3/19/1960,NaN,TRUE,3/19/1960,,60,NaN,
Duke Ellington,Piano,1899-04-29,5/24/1974,FALSE,1899-04-29,5/24/1974,75,Lung Cancer,
Bobby Enriquez,Piano,5/20/1943,1996,FALSE,5/20/1943,1/1/1996,52,Pulmonary Embolism,
Aydın Esen,Piano,1962,NaN,TRUE,1/1/1962,,58,NaN,
Bill Evans,Piano,8/16/1929,9/15/1980,FALSE,8/16/1929,9/15/1980,51,Pneumonia,
Gil Evans,Piano,1912,3/20/1988,FALSE,1/1/1912,3/20/1988,76,Peritonitis,
Orrin Evans,Piano,3/28/1975,NaN,TRUE,3/28/1975,,45,NaN,
Don Ewell,Piano,11/14/1916,8/9/1983,FALSE,11/14/1916,8/9/1983,66,Stroke,
Antonio Faraò,Piano,1/19/1965,NaN,TRUE,1/19/1965,,55,NaN,
Victor Feldman,Vibraphone,4/7/1934,5/12/1987,FALSE,4/7/1934,5/12/1987,53,Heart Attack,
Russell Ferrante,Piano,1952,NaN,TRUE,1/1/1952,,68,NaN,
Manfredo Fest,Piano,5/13/1936,10/8/1999,FALSE,5/13/1936,10/8/1999,63,Liver Failure,
Bobby Few,Piano,10/21/1935,NaN,TRUE,10/21/1935,,84,NaN,
Svein Finnerud,Piano,1945,NaN,TRUE,1/1/1945,,75,NaN,
Clare Fischer,Synthesizer,10/22/1928,1/26/2012,FALSE,10/22/1928,1/26/2012,83,Heart Attack,
Frode Fjellheim,Piano,8/27/1959,NaN,TRUE,8/27/1959,,61,NaN,
Tommy Flanagan,Piano,3/16/1930,11/16/2001,FALSE,3/16/1930,11/16/2001,71,Brain Aneurysm,
Bob Florence,Piano,5/20/1932,5/15/2008,FALSE,5/20/1932,5/15/2008,75,Pneumonia,
Roberto Fonseca,Piano,1975,NaN,TRUE,1/1/1975,,45,NaN,
Joel Forrester,Piano,1946,NaN,TRUE,1/1/1946,,74,NaN,
Sullivan Fortner,Piano,12/29/1986,NaN,TRUE,12/29/1986,,33,NaN,
Herman Foster,Piano,4/26/1928,4/3/1999,FALSE,4/26/1928,4/3/1999,70,NaN,
Ray Foxley,Piano,1928,2002,FALSE,1/1/1928,1/1/2002,74,NaN,
Harmen Fraanje,Piano,1/23/1976,NaN,TRUE,1/23/1976,,44,NaN,
Ming Freeman,Keyboards,10/26/1963,NaN,TRUE,10/26/1963,,56,NaN,
Russ Freeman,Piano,5/28/1926,6/27/2002,FALSE,5/28/1926,6/27/2002,76,NaN,
Sharon Freeman,Piano,NaN,NaN,NaN,,,NaN,NaN,
Don Friedman,Piano,5/4/1935,6/30/2016,FALSE,5/4/1935,6/30/2016,81,Cancer (Pancreas),
David Frishberg,Piano,3/23/1933,NaN,TRUE,3/23/1933,,87,NaN,
Satoko Fujii,Piano,10/9/1958,NaN,TRUE,10/9/1958,,61,NaN,
Larry Fuller,Piano,7/14/1965,NaN,TRUE,7/14/1965,,55,NaN,
Arve Furset,Piano,12/5/1964,NaN,TRUE,12/5/1964,,55,NaN,
Joel Futterman,Piano,1946,NaN,TRUE,1/1/1946,,74,NaN,
Hal Galper,Piano,4/18/1938,NaN,TRUE,4/18/1938,,82,NaN,
Salman Gambarov,Piano,4/18/1959,NaN,TRUE,4/18/1959,,61,NaN,
Laszlo Gardony,Piano,1956,NaN,TRUE,1/1/1956,,64,NaN,
Red Garland,Piano,5/13/1923,4/23/1984,FALSE,5/13/1923,4/23/1984,60,Heart Attack,
Erroll Garner,Piano,6/15/1921,1/2/1977,FALSE,6/15/1921,1/2/1977,55,COPD,
Michael Garrick,Piano,1933,2011,FALSE,1/1/1933,1/1/2011,78,Heart Disease,
Giorgio Gaslini,Piano,10/22/1929,7/29/2014,FALSE,10/22/1929,7/29/2014,84,NaN,
Charles Gayle,Tenor saxophone,2/28/1939,NaN,TRUE,2/28/1939,,81,NaN,
Chris Geith,Piano,NaN,NaN,NaN,,,NaN,NaN,
Leo Genovese,Piano,1979,NaN,TRUE,1/1/1979,,41,NaN,
George Gershwin,Piano,1898,1937,FALSE,1898-01-01,1/1/1937,38,Cancer (Brain),
Lafayette Gilchrist,Piano,8/3/1967,NaN,TRUE,8/3/1967,,53,NaN,
Anne-Marie Giørtz,Vocals,3/19/1958,NaN,TRUE,3/19/1958,,62,NaN,
Ole Henrik Giørtz,Piano,1/10/1955,NaN,TRUE,1/10/1955,,65,NaN,
Egberto Gismonti,8-string guitar,12/5/1947,NaN,TRUE,12/5/1947,,72,NaN,
Robert Glasper,Piano,4/5/1978,NaN,TRUE,4/5/1978,,42,NaN,
Aaron Goldberg,Piano,4/30/1974,NaN,TRUE,4/30/1974,,46,NaN,
Larry Goldings,Piano,8/28/1968,NaN,TRUE,8/28/1968,,52,NaN,
Gil Goldstein,Piano,11/6/1950,NaN,TRUE,11/6/1950,,69,NaN,
Rubén González,Piano,5/26/1919,12/8/2003,FALSE,5/26/1919,12/8/2003,84,Illness,
Federico González Peña,Piano,1966,NaN,TRUE,1/1/1966,,54,NaN,
Gordon Goodwin,Piano,1954,NaN,TRUE,1/1/1954,,66,NaN,
Markus Gottschlich,Piano,NaN,NaN,NaN,,,NaN,NaN,
Haakon Graf,Piano,3/21/1955,NaN,TRUE,3/21/1955,,65,NaN,
Tom Grant,Piano,2/22/1946,NaN,TRUE,2/22/1946,,74,NaN,
Benny Green,Piano,4/4/1963,NaN,TRUE,4/4/1963,,57,NaN,
Jesse Green,Piano,1973,NaN,TRUE,1/1/1973,,47,NaN,
Burton Greene,Piano,1937,NaN,TRUE,1/1/1937,,83,NaN,
Stan Greig,Piano,1930,2012,FALSE,1/1/1930,1/1/2012,82,Parkinson's,
Lionel Grigson,Piano,1942,1994,FALSE,1/1/1942,1/1/1994,52,NaN,
Danny Grissett,Piano,1975,NaN,TRUE,1/1/1975,,45,NaN,
Don Grolnick,Piano,1948,1996,FALSE,1/1/1948,1/1/1996,48,Lymphoma,
Richard Grossman,Piano,1937,1992,FALSE,1/1/1937,1/1/1992,54,NaN,
George Gruntz,Piano,6/24/1932,1/10/2013,FALSE,6/24/1932,1/10/2013,80,NaN,
Dave Grusin,Piano,6/26/1934,NaN,TRUE,6/26/1934,,86,NaN,
Vince Guaraldi,Piano,1928,1976,FALSE,1/1/1928,1/1/1976,48,Heart Disease,
Johnny Guarnieri,Piano,3/23/1917,1/7/1985,FALSE,3/23/1917,1/7/1985,67,Heart Attack,
Friedrich Gulda,Piano,1930,2000,FALSE,1/1/1930,1/1/2000,70,Heart Failure,
Onaje Allan Gumbs,Piano,9/3/1949,4/6/2020,FALSE,9/3/1949,4/6/2020,70,NaN,
Tord Gustavsen,Piano,10/5/1970,NaN,TRUE,10/5/1970,,49,NaN,
Al Haig,Piano,7/19/1922,11/16/1982,FALSE,7/19/1922,11/16/1982,60,Heart Attack,
Sadik Hakim,Piano,7/15/1919,6/20/1983,FALSE,7/15/1919,6/20/1983,63,NaN,
Randy Halberstadt,Piano,1953,NaN,TRUE,1/1/1953,,67,NaN,
Bengt Hallberg,Piano,9/13/1932,7/2/2013,FALSE,9/13/1932,7/2/2013,80,Heart Failure,
Tigran Hamasyan,Piano,7/17/1987,NaN,TRUE,7/17/1987,,33,NaN,
Jan Hammer,Keyboards,4/17/1948,NaN,TRUE,4/17/1948,,72,NaN,
Lionel Hampton,Vibraphone,4/20/1908,8/31/2002,FALSE,4/20/1908,8/31/2002,94,Heart Failure,
Herbie Hancock,Keyboards,4/12/1940,NaN,TRUE,4/12/1940,,80,NaN,
George Handy,Piano,1/17/1920,1/8/1997,FALSE,1/17/1920,1/8/1997,76,NaN,
Paul Hanmer,Piano,1961,NaN,TRUE,1/1/1961,,59,NaN,
Roland Hanna,Piano,2/10/1932,11/13/2002,FALSE,2/10/1932,11/13/2002,70,Heart Disease,
Buster Harding,Piano,3/19/1912,11/14/1965,FALSE,3/19/1912,11/14/1965,53,NaN,
Ichiko Hashimoto,Piano,1952,NaN,TRUE,1/1/1952,,68,NaN,
Barry Harris,Piano,12/15/1929,NaN,TRUE,12/15/1929,,90,NaN,
Gene Harris,Piano,9/1/1933,1/16/2000,FALSE,9/1/1933,1/16/2000,66,Kidney Failure,
Hampton Hawes,Piano,11/13/1928,5/22/1977,FALSE,11/13/1928,5/22/1977,48,Brain Hemorrhage,
Alexander Hawkins,Piano,5/3/1981,NaN,TRUE,5/3/1981,,39,NaN,
Edgar Hayes,Piano,1904,1979,FALSE,1/1/1904,1/1/1979,75,NaN,
Vahagn Hayrapetyan,Piano,8/30/1968,NaN,TRUE,8/30/1968,,52,NaN,
Kevin Hays,Piano,5/1/1968,NaN,TRUE,5/1/1968,,52,NaN,
David Hazeltine,Piano,10/27/1958,NaN,TRUE,10/27/1958,,61,NaN,
Pablo Held,Piano,12/27/1986,NaN,TRUE,12/27/1986,,33,NaN,
Tamir Hendelman,Piano,1972,NaN,NaN,1/1/1972,NaN,NaN,NaN,
Bobby Henderson,Piano,1910,1969,FALSE,1/1/1910,1/1/1969,59,NaN,
Fletcher Henderson,Piano,1897-12-18,12/29/1952,FALSE,1897-12-18,12/29/1952,55,NaN,
Horace Henderson,Piano,1904,8/29/1988,FALSE,1/1/1904,8/29/1988,84,NaN,
Yaron Herman,Piano,7/12/1981,NaN,TRUE,7/12/1981,,39,NaN,
Oscar Hernandez,Piano,1954,NaN,TRUE,1/1/1954,,66,NaN,
Fred Hersch,Piano,10/21/1955,NaN,TRUE,10/21/1955,,64,NaN,
Nitai Hershkovits,Piano,1988,NaN,TRUE,1/1/1988,,32,NaN,
Svein Olav Herstad,Piano,7/7/1969,NaN,TRUE,7/7/1969,,51,NaN,
Frank Hewitt,Piano,1935,2002,FALSE,1/1/1935,1/1/2002,67,NaN,
Eddie Heywood,Piano,12/4/1915,1/3/1989,FALSE,12/4/1915,1/3/1989,73,Parkinson's,
John Hicks,Piano,12/21/1941,5/10/2006,FALSE,12/21/1941,5/10/2006,64,Internal Bleeding,
Eddie Higgins,Piano,2/21/1932,8/31/2009,FALSE,2/21/1932,8/31/2009,77,Cancer (Lung),
Andrew Hill,Piano,1931,4/20/2007,FALSE,1/1/1931,4/20/2007,76,Cancer (Lung),
Lisa Hilton,Piano,NaN,NaN,NaN,,,NaN,NaN,
Earl Hines,Piano,12/28/1903,4/22/1983,FALSE,12/28/1903,4/22/1983,79,Heart Attack,
Jutta Hipp,Piano,1925,4/7/2003,FALSE,1/1/1925,4/7/2003,78,Cancer (Pancreas),
Art Hirahara,Piano,1971,NaN,TRUE,1/1/1971,,49,NaN,
Art Hodes,Piano,11/14/1904,3/4/1993,FALSE,11/14/1904,3/4/1993,88,NaN,
Jan Gunnar Hoff,Piano,10/22/1958,NaN,TRUE,10/22/1958,,61,NaN,
Jools Holland,Piano,1/24/1958,NaN,TRUE,1/24/1958,,62,NaN,
Scott Holman,Piano,6/4/1954,NaN,TRUE,6/4/1954,,66,NaN,
Mike Holober,Piano,NaN,NaN,NaN,,,NaN,NaN,
Bertha Hope,Piano,11/8/1936,NaN,TRUE,11/8/1936,,83,NaN,
Elmo Hope,Piano,1923,5/19/1967,FALSE,1/1/1923,5/19/1967,44,Heart Failure,
Glenn Horiuchi,Piano,1955,2000,FALSE,1/1/1955,1/1/2000,45,Cancer (Colon),
Shirley Horn,Vocals,5/1/1934,10/20/2005,FALSE,5/1/1934,10/20/2005,71,Diabetes,
Wayne Horvitz,Keyboards,9/1/1955,NaN,TRUE,9/1/1955,,65,NaN,
Julia Hülsmann,Piano,1968,NaN,TRUE,1/1/1968,,52,NaN,
Steve Hunt,Piano,1958,NaN,TRUE,1/1/1958,,62,NaN,
Per Husby,Piano,4/2/1949,NaN,TRUE,4/2/1949,,71,NaN,
Dick Hyman,Piano,3/8/1927,NaN,TRUE,3/8/1927,,93,NaN,
Adrián Iaies,Piano,1960,NaN,TRUE,1/1/1960,,60,NaN,
Hasaan Ibn Ali,Piano,1931,1980,FALSE,1/1/1931,1/1/1980,49,NaN,
Abdullah Ibrahim,Piano,10/9/1934,NaN,TRUE,10/9/1934,,85,NaN,
Nikki Iles,Piano,5/16/1963,NaN,TRUE,5/16/1963,,57,NaN,
Masaru Imada,Piano,3/21/1932,NaN,TRUE,3/21/1932,,88,NaN,
Keith Ingham,Piano,1942,NaN,TRUE,1/1/1942,,78,NaN,
Weldon Irvine,Piano,1943,2002,FALSE,1/1/1943,1/1/2002,59,Suicide,
Robert Irving III,Piano,10/27/1953,NaN,TRUE,10/27/1953,,66,NaN,
Einar Iversen,Piano,7/27/1930,4/3/2019,FALSE,7/27/1930,4/3/2019,88,NaN,
Ethan Iverson,Piano,2/11/1973,NaN,TRUE,2/11/1973,,47,NaN,
Vijay Iyer,Piano,10/26/1971,NaN,TRUE,10/26/1971,,48,NaN,
D. D. Jackson,Piano,1/25/1967,NaN,TRUE,1/25/1967,,53,NaN,
Christian Jacob,Piano,5/8/1958,NaN,TRUE,5/8/1958,,62,NaN,
Pim Jacobs,Piano,10/29/1934,7/3/1996,FALSE,10/29/1934,7/3/1996,61,NaN,
Pete Jacobsen,Piano,5/16/1950,4/29/2002,FALSE,5/16/1950,4/29/2002,51,NaN,
Ahmad Jamal,Piano,7/2/1930,NaN,TRUE,7/2/1930,,90,NaN,
Bob James,Piano,12/25/1939,NaN,TRUE,12/25/1939,,80,NaN,
Jon Jang,Piano,1954,NaN,TRUE,1/1/1954,,66,NaN,
Lars Jansson,Piano,1951,NaN,TRUE,1/1/1951,,69,NaN,
Keith Jarrett,Piano,5/8/1945,NaN,TRUE,5/8/1945,,75,NaN,
Jane Jarvis,Piano,10/31/1915,1/25/2010,FALSE,10/31/1915,1/25/2010,94,NaN,
Antonio Carlos Jobim,Piano,1/25/1927,12/8/1994,FALSE,1/25/1927,12/8/1994,67,Heart Attack,
Jan Johansson,Piano,9/16/1931,11/9/1968,FALSE,9/16/1931,11/9/1968,37,Car Accident,
Dink Johnson,Piano,1892,1954,FALSE,1892-01-01,1/1/1954,61,NaN,
James P. Johnson,Piano,1894-02-01,11/17/1955,FALSE,1894-02-01,11/17/1955,61,NaN,
Pete Johnson,Piano,3/25/1904,3/23/1967,FALSE,3/25/1904,3/23/1967,62,NaN,
Pete Jolly,Piano,6/5/1932,11/6/2004,FALSE,6/5/1932,11/6/2004,72,Myeloma,
Hank Jones,Piano,7/31/1918,5/16/2010,FALSE,7/31/1918,5/16/2010,91,NaN,
Mike Jones,Piano,8/11/1962,NaN,TRUE,8/11/1962,,58,NaN,
Norah Jones,Vocals,3/30/1979,NaN,TRUE,3/30/1979,,41,NaN,
Oliver Jones,Piano,9/11/1934,NaN,TRUE,9/11/1934,,86,NaN,
Richard M. Jones,Piano,1892,1945,FALSE,1892-01-01,1/1/1945,53,NaN,
Scott Joplin,Piano,1868,1917,FALSE,1868-01-01,1/1/1917,49,Syphilis,
Duke Jordan,Piano,1922,8/8/2006,FALSE,1/1/1922,8/8/2006,84,NaN,
Bradley Joseph,Piano,1965,NaN,TRUE,1/1/1965,,55,NaN,
Julian Joseph,Piano,5/11/1966,NaN,TRUE,5/11/1966,,54,NaN,
Hans Otto Jung,Piano,1920,2009,FALSE,1/1/1920,1/1/2009,89,NaN,
Maria Kannegaard,Piano,10/6/1970,NaN,TRUE,10/6/1970,,49,NaN,
Egil Kapstad,Piano,8/6/1940,7/13/2017,FALSE,8/6/1940,7/13/2017,76,NaN,
Nikolai Kapustin,Piano,1937,2020,FALSE,1/1/1937,1/1/2020,82,NaN,
Fumio Karashima,Piano,3/9/1948,2/24/2017,FALSE,3/9/1948,2/24/2017,68,Cancer,
Kjell Karlsen,Piano,7/29/1931,5/5/2020,FALSE,7/29/1931,5/5/2020,88,NaN,
Jacob Karlzon,Piano,1970,NaN,TRUE,1/1/1970,,50,NaN,
Gregg Karukas,Piano,1956,NaN,TRUE,1/1/1956,,64,NaN,
Eyran Katsenelenbogen,Piano,7/5/1965,NaN,TRUE,7/5/1965,,55,NaN,
Bruce Katz,Piano,1952,NaN,TRUE,1/1/1952,,68,NaN,
Dick Katz,Piano,1924,2009,FALSE,1/1/1924,1/1/2009,85,Cancer (Lung),
Cab Kaye,Vocals,9/3/1921,3/13/2000,FALSE,9/3/1921,3/13/2000,78,Cancer (Mouth),
Yakov Kazyansky,Piano,1948,NaN,TRUE,1/1/1948,,72,NaN,
Geoff Keezer,Piano,11/21/1970,NaN,TRUE,11/21/1970,,49,NaN,
Roger Kellaway,Piano,1939,NaN,TRUE,1/1/1939,,81,NaN,
Sue Keller,Piano,1952,NaN,TRUE,1/1/1952,,68,NaN,
Peck Kelley,Piano,1898-10-22,12/26/1980,FALSE,1898-10-22,12/26/1980,82,Parkinson's,
Brian Kellock,Piano,1962,NaN,TRUE,1/1/1962,,58,NaN,
Wynton Kelly,Piano,12/2/1931,4/12/1971,FALSE,12/2/1931,4/12/1971,39,Seizure,
Rodney Kendrick,Piano,4/30/1960,NaN,TRUE,4/30/1960,,60,NaN,
Ray Kennedy,Piano,1957,2015,FALSE,1/1/1957,1/1/2015,57,Multiple Sclerosis,
Stan Kenton,Piano,12/15/1911,8/25/1979,FALSE,12/15/1911,8/25/1979,67,Stroke,
Brooks Kerr,Piano,12/26/1951,4/28/2018,FALSE,12/26/1951,4/28/2018,66,Kidney Disease,
David Kikoski,Piano,1961,NaN,TRUE,1/1/1961,,59,NaN,
Masabumi Kikuchi,Piano,1939,7/6/2015,FALSE,1/1/1939,7/6/2015,76,Subdural Hematoma,
Jeanette Kimball,Piano,1906,2001,FALSE,1/1/1906,1/1/2001,95,NaN,
Frank Kimbrough,Piano,1956,NaN,TRUE,1/1/1956,,64,NaN,
Kenny Kirkland,Piano,9/28/1955,11/12/1998,FALSE,9/28/1955,11/12/1998,43,Heart Failure,
Simon Kiselicki,Piano,10/25/1974,NaN,TRUE,10/25/1974,,45,NaN,
Rune Klakegg,Piano,4/19/1955,NaN,TRUE,4/19/1955,,65,NaN,
Guillermo Klein,Piano,1969,NaN,TRUE,1/1/1969,,51,NaN,
Jacques Klein,Piano,1930,1982,FALSE,1/1/1930,1/1/1982,52,NaN,
Dan Knight,Piano,1953,NaN,TRUE,1/1/1953,,67,NaN,
Ron Kobayashi,Piano,NaN,NaN,NaN,,,NaN,NaN,
Per Kolstad,Piano,4/23/1953,NaN,TRUE,4/23/1953,,67,NaN,
Krzysztof Komeda,Piano,4/27/1931,4/23/1969,FALSE,4/27/1931,4/23/1969,37,Fall,
Olga Konkova,Piano,8/25/1969,NaN,TRUE,8/25/1969,,51,NaN,
Ted Kooshian,Piano,1961,NaN,TRUE,1/1/1961,,59,NaN,
Steve Koven,Piano,NaN,NaN,NaN,,,NaN,NaN,
Diana Krall,Vocals,11/16/1964,NaN,TRUE,11/16/1964,,55,NaN,
Mark Kramer,Piano,11/3/1945,NaN,TRUE,11/3/1945,,74,NaN,
Knut Kristiansen,Piano,4/14/1946,NaN,TRUE,4/14/1946,,74,NaN,
Joachim Kühn,Piano,3/15/1944,NaN,TRUE,3/15/1944,,76,NaN,
Steve Kuhn,Piano,3/24/1938,NaN,TRUE,3/24/1938,,82,NaN,
Billy Kyle,Piano/guitar,7/14/1914,1966,FALSE,7/14/1914,1/1/1966,51,NaN,
Donald Lambert,Piano,1904,1962,FALSE,1/1/1904,1/1/1962,58,NaN,
Art Lande,Piano,2/5/1947,NaN,TRUE,2/5/1947,,73,NaN,
Geir Langslet,Piano,10/9/1956,NaN,TRUE,10/9/1956,,63,NaN,
Ellis Larkins,Piano,5/15/1923,9/30/2002,FALSE,5/15/1923,9/30/2002,79,NaN,
Morten Gunnar Larsen,Piano,10/1/1955,NaN,TRUE,10/1/1955,,64,NaN,
Anja Lauvdal,Piano,1987,NaN,TRUE,1/1/1987,,33,NaN,
Andy LaVerne,Piano,1947,NaN,TRUE,1/1/1947,,73,NaN,
John Law,Piano,1961,NaN,TRUE,1/1/1961,,59,NaN,
Hugh Lawson,Piano,1935,1997,FALSE,1/1/1935,1/1/1997,62,Cancer (Colon),
Mike LeDonne,Piano,10/26/1956,NaN,TRUE,10/26/1956,,63,NaN,
Michel Legrand,Piano,1932,NaN,TRUE,1/1/1932,,88,NaN,
Peter Lemer,Piano,6/14/1942,NaN,TRUE,6/14/1942,,78,NaN,
Brian Lemon,Piano,2/11/1937,10/11/2014,FALSE,2/11/1937,10/11/2014,77,NaN,
Gianni Lenoci,Piano,1963,NaN,TRUE,1/1/1963,,57,NaN,
Uli Lenz,Piano,1955,NaN,TRUE,1/1/1955,,65,NaN,
Indra Lesmana,Keyboards,3/28/1966,NaN,TRUE,3/28/1966,,54,NaN,
Milcho Leviev,Piano,1937,NaN,TRUE,1/1/1937,,83,NaN,
Mark Levine,Piano,1938,NaN,TRUE,1/1/1938,,82,NaN,
Lou Levy,Piano,3/5/1928,1/23/2001,FALSE,3/5/1928,1/23/2001,72,Heart Attack,
John Lewis,Piano,5/3/1920,3/29/2001,FALSE,5/3/1920,3/29/2001,80,Cancer (Prostate),
Meade Lux Lewis,Piano,9/4/1905,6/7/1964,FALSE,9/4/1905,6/7/1964,58,Car Accident,
Ramsey Lewis,Piano,5/27/1935,NaN,TRUE,5/27/1935,,85,NaN,
Steve Lewis,Piano,1941,NaN,TRUE,1/1/1941,,79,NaN,
Helge Lien,Piano,4/23/1975,NaN,TRUE,4/23/1975,,45,NaN,
Kirk Lightsey,Piano,1937,NaN,TRUE,1/1/1937,,83,NaN,
Helge Lilletvedt,Piano,6/13/1964,NaN,TRUE,6/13/1964,,56,NaN,
Nils Lindberg,Piano,1953,NaN,TRUE,1/1/1953,,67,NaN,
Jason Lindner,Piano,2/1/1973,NaN,TRUE,2/1/1973,,47,NaN,
Ivan Lins,Piano,6/16/1945,NaN,TRUE,6/16/1945,,75,NaN,
Mike Longo,Piano,1939,NaN,TRUE,1/1/1939,,81,NaN,
Jeff Lorber,Keyboards,11/4/1952,NaN,TRUE,11/4/1952,,67,NaN,
Russ Lossing,Piano,1960,NaN,TRUE,1/1/1960,,60,NaN,
Jacques Loussier,Piano,10/26/1934,3/5/2019,FALSE,10/26/1934,3/5/2019,84,NaN,
Andreas Stensland Løwe,Piano,10/14/1983,NaN,TRUE,10/14/1983,,36,NaN,
Erik van der Luijt,Piano,8/22/1970,NaN,TRUE,8/22/1970,,50,NaN,
Jan Lundgren,Piano,3/22/1966,NaN,TRUE,3/22/1966,,54,NaN,
Bobby Lyle,Piano,3/11/1944,NaN,TRUE,3/11/1944,,76,NaN,
Harold Lopez Nussa,Piano,7/13/1983,NaN,TRUE,7/13/1983,,37,NaN,
Harold Mabern,Piano,3/20/1936,9/17/2019,FALSE,3/20/1936,9/17/2019,83,Heart Attack,
Earl MacDonald,Piano,7/26/1970,NaN,TRUE,7/26/1970,,50,NaN,
Dave Mackay,Piano,1932,NaN,TRUE,1/1/1932,,88,NaN,
Shai Maestro,Piano,2/5/1987,NaN,TRUE,2/5/1987,,33,NaN,
Roberto Magris,Piano,6/19/1959,NaN,TRUE,6/19/1959,,61,NaN,
Adam Makowicz,Piano,8/18/1940,NaN,TRUE,8/18/1940,,80,NaN,
John Malachi,Piano,1919,2/11/1987,FALSE,1/1/1919,2/11/1987,68,NaN,
Junior Mance,Piano,10/10/1928,NaN,TRUE,10/10/1928,,91,NaN,
Henry Mancini,Piano,4/16/1924,6/14/1994,FALSE,4/16/1924,6/14/1994,70,Cancer (Pancreas),
Emanuele Maniscalco,Piano,1983,NaN,TRUE,1/1/1983,,37,NaN,
Frank Mantooth,Piano,1947,2004,FALSE,1/1/1947,1/1/2004,57,Heart Attack,
Fate Marable,Piano,1890,1947,FALSE,1890-01-01,1/1/1947,56,Pneumonia,
Tânia Maria,Piano,5/9/1948,NaN,TRUE,5/9/1948,,72,NaN,
César Camargo Mariano,Piano,1943,NaN,TRUE,1/1/1943,,77,NaN,
Phil Markowitz,Piano,1952,NaN,TRUE,1/1/1952,,68,NaN,
Jon Marks,Piano,1947,2007,FALSE,1/1/1947,1/1/2007,60,NaN,
"Michael ""Dodo"" Marmarosa",Piano,12/12/1925,9/17/2002,FALSE,12/12/1925,9/17/2002,76,Heart Attack,
Denman Maroney,Piano,1949,NaN,TRUE,1/1/1949,,71,NaN,
André Marques,Piano,1975,NaN,TRUE,1/1/1975,,45,NaN,
"Ellis Marsalis, Jr.",Piano,11/14/1934,4/1/2020,FALSE,11/14/1934,4/1/2020,85,COVID-19,
Peter Martin,Piano,1970,NaN,TRUE,1/1/1970,,50,NaN,
Ronnie Mathews,Piano,12/2/1935,6/28/2008,FALSE,12/2/1935,6/28/2008,72,Cancer (Pancreas),
Keiko Matsui,Keyboards,7/26/1961,NaN,TRUE,7/26/1961,,59,NaN,
Takashi Matsunaga,Piano,1986,NaN,TRUE,1/1/1986,,34,NaN,
David Matthews,Keyboards,1942,NaN,TRUE,1/1/1942,,78,NaN,
Rebeca Mauleon,Piano,1962,NaN,TRUE,1/1/1962,,58,NaN,
Jon Mayer,Piano,9/7/1938,NaN,TRUE,9/7/1938,,82,NaN,
Bill Mays,Piano,2/5/1944,NaN,TRUE,2/5/1944,,76,NaN,
Lyle Mays,Piano,11/27/1953,2/10/2020,FALSE,11/27/1953,2/10/2020,66,Illness,
Barney McAll,Piano,1966,NaN,TRUE,1/1/1966,,54,NaN,
John McAll,Piano,1960,NaN,TRUE,1/1/1960,,60,NaN,
Les McCann,Piano,9/23/1935,NaN,TRUE,9/23/1935,,85,NaN,
Tom McClung,Piano,4/4/1957,5/14/2017,FALSE,4/4/1957,5/14/2017,60,Cancer,
Andrew McCormack,Piano,3/24/1978,NaN,TRUE,3/24/1978,,42,NaN,
Dave McKenna,Piano,5/30/1930,10/18/2008,FALSE,5/30/1930,10/18/2008,78,NaN,
Carlos McKinney,Piano,1/10/1978,NaN,TRUE,1/10/1978,,42,NaN,
Jim McNeely,Piano,5/18/1949,NaN,TRUE,5/18/1949,,71,NaN,
Marian McPartland,Piano,3/20/1918,8/20/2013,FALSE,3/20/1918,8/20/2013,95,Natural Causes,
Jay McShann,Vocals,1/12/1916,12/7/2006,FALSE,1/12/1916,12/7/2006,90,NaN,
John Medeski,Keyboards,6/28/1965,NaN,TRUE,6/28/1965,,55,NaN,
John Mehegan,Piano,6/6/1916,4/3/1984,FALSE,6/6/1916,4/3/1984,67,NaN,
Brad Mehldau,Piano,8/23/1970,NaN,TRUE,8/23/1970,,50,NaN,
Myra Melford,Piano,1/5/1957,NaN,TRUE,1/5/1957,,63,NaN,
Mike Melvoin,Piano,5/10/1937,2/22/2012,FALSE,5/10/1937,2/22/2012,74,Cancer,
Sergio Mendes,Piano,2/11/1941,NaN,TRUE,2/11/1941,,79,NaN,
Misha Mengelberg,Piano,6/5/1935,3/3/2017,FALSE,6/5/1935,3/3/2017,81,NaN,
Oreste Migliaccio,Piano,1882,1973,FALSE,1882-01-01,1/1/1973,90,NaN,
Max Miller,Piano,11/17/1911,11/13/1985,FALSE,11/17/1911,11/13/1985,73,Heart Failure,
Mulgrew Miller,Piano,1955,5/29/2013,FALSE,1/1/1955,5/29/2013,58,Stroke,
Andy Milne,Piano,1969,NaN,TRUE,1/1/1969,,51,NaN,
Charles Mingus,Double bass,4/22/1922,1/5/1979,FALSE,4/22/1922,1/5/1979,56,ALS,
Giovanni Mirabassi,Piano,1970,NaN,TRUE,1/1/1970,,50,NaN,
Matt Mitchell,Piano,7/19/1975,NaN,TRUE,7/19/1975,,45,NaN,
Bernt Moen,Piano,2/17/1974,NaN,TRUE,2/17/1974,,46,NaN,
Øystein Moen,Piano,8/16/1980,NaN,TRUE,8/16/1980,,40,NaN,
Paul Moer,Piano,1916,2010,FALSE,1/1/1916,1/1/2010,94,NaN,
Moses Taiwa Molelekwa,Piano,1973,2001,FALSE,1/1/1973,1/1/2001,28,Suicide,
Thelonious Monk,Piano,10/10/1917,2/17/1982,FALSE,10/10/1917,2/17/1982,64,Stroke,
Jeremy Monteiro,Piano,6/20/1960,NaN,TRUE,6/20/1960,,60,NaN,
Buddy Montgomery,Piano,1/30/1930,5/14/2009,FALSE,1/30/1930,5/14/2009,79,Heart Attack,
Tete Montoliu,Piano,3/28/1933,8/24/1997,FALSE,3/28/1933,8/24/1997,64,NaN,
Dudley Moore,Piano,1935,2002,FALSE,1/1/1935,1/1/2002,67,Pneumonia,
Phil Moore,Piano,2/20/1918,5/13/1987,FALSE,2/20/1918,5/13/1987,69,NaN,
Consuela Lee Moorehead,Piano,1927,2010,FALSE,1/1/1927,1/1/2010,83,NaN,
Jason Moran,Piano,1/21/1975,NaN,TRUE,1/21/1975,,45,NaN,
Pat Moran McCoy,Piano,1934,NaN,TRUE,1/1/1934,,86,NaN,
Shōtarō Moriyasu,Piano,1924,1955,FALSE,1/1/1924,1/1/1955,31,Suicide,
Jelly Roll Morton,Piano,1890-10-20,7/10/1941,FALSE,1890-10-20,7/10/1941,50,Respiratory Failure,
Sal Mosca,Piano,1927,2007,FALSE,1/1/1927,1/1/2007,80,NaN,
Bennie Moten,Piano,1894-11-13,4/2/1935,FALSE,1894-11-13,4/2/1935,40,Surgery Complications,
Leszek Możdżer,Piano,3/23/1971,NaN,TRUE,3/23/1971,,49,NaN,
Bheki Mseleku,Piano,1955,9/9/2008,FALSE,1/1/1955,9/9/2008,53,NaN,
Carli Muñoz,Piano,10/16/1948,NaN,TRUE,10/16/1948,,71,NaN,
Bob Murphy,Piano,5/28/1945,10/22/2015,FALSE,5/28/1945,10/22/2015,70,NaN,
Romano Mussolini,Piano,1927,2006,FALSE,1/1/1927,1/1/2006,79,Heart Disease,
Vagif Mustafazadeh,Piano,3/16/1940,12/16/1979,FALSE,3/16/1940,12/16/1979,39,Heart Attack,
Aziza Mustafazadeh,Vocals,12/19/1969,NaN,TRUE,12/19/1969,,50,NaN,
Simon Nabatov,Piano,1/11/1959,NaN,TRUE,1/11/1959,,61,NaN,
Armen Nalbandian,Piano,4/6/1978,NaN,TRUE,4/6/1978,,42,NaN,
Marty Napoleon,Piano,6/2/1921,4/27/2015,FALSE,6/2/1921,4/27/2015,93,NaN,
Josh Nelson,Piano,8/1/1978,NaN,TRUE,8/1/1978,,42,NaN,
Jef Neve,Piano,3/8/1977,NaN,TRUE,3/8/1977,,43,NaN,
"Phineas Newborn, Jr.",Piano,12/14/1931,5/26/1989,FALSE,12/14/1931,5/26/1989,57,Cancer (Lung),
David Newton,Piano,2/2/1958,NaN,TRUE,2/2/1958,,62,NaN,
Herbie Nichols,Piano,1/3/1919,4/12/1963,FALSE,1/3/1919,4/12/1963,44,Leukemia,
Dan Nimmer,Piano,1982,NaN,TRUE,1/1/1982,,38,NaN,
Liam Noble,Piano,11/15/1968,NaN,TRUE,11/15/1968,,51,NaN,
Mike Nock,Piano,9/27/1940,NaN,TRUE,9/27/1940,,79,NaN,
Victor Noriega,Piano,5/5/1978,NaN,TRUE,5/5/1978,,42,NaN,
Walter Norris,Piano,1927,2011,FALSE,1/1/1927,1/1/2011,84,NaN,
Hod O'Brien,Piano,1936,2016,FALSE,1/1/1936,1/1/2016,80,Cancer,
Bill O'Connell,Piano,8/22/1953,NaN,TRUE,8/22/1953,,67,NaN,
Arturo O'Farrill,Piano,6/22/1960,NaN,TRUE,6/22/1960,,60,NaN,
Johnny O'Neal,Piano,10/10/1956,NaN,TRUE,10/10/1956,,63,NaN,
Jørn Øien,Piano,1/19/1968,NaN,TRUE,1/19/1968,,52,NaN,
Junko Onishi,Piano,4/16/1967,NaN,TRUE,4/16/1967,,53,NaN,
Piotr Orzechowski,Piano,12/31/1990,NaN,TRUE,12/31/1990,,29,NaN,
Makoto Ozone,Piano,3/25/1961,NaN,TRUE,3/25/1961,,59,NaN,
Marty Paich,Piano,1/23/1925,8/12/1995,FALSE,1/23/1925,8/12/1995,70,Cancer (Colon),
Eddie Palmieri,Piano,12/15/1936,NaN,TRUE,12/15/1936,,83,NaN,
Tiny Parham,Piano,1900,1943,FALSE,1/1/1900,1/1/1943,42,NaN,
Johnny Parker,Piano,11/6/1929,6/11/2010,FALSE,11/6/1929,6/11/2010,80,NaN,
Aaron Parks,Piano,10/7/1983,NaN,TRUE,10/7/1983,,36,NaN,
Horace Parlan,Piano,1/19/1931,2/23/2017,FALSE,1/19/1931,2/23/2017,86,NaN,
Avery Parrish,Piano,1917,12/10/1959,FALSE,1/1/1917,12/10/1959,42,Fall,
Hermeto Pascoal,Keyboards,6/22/1936,NaN,TRUE,6/22/1936,,84,NaN,
Alan Pasqua,Keyboards,6/28/1952,NaN,TRUE,6/28/1952,,68,NaN,
Ben Paterson,Piano,6/23/1982,NaN,TRUE,6/23/1982,,38,NaN,
Raimonds Pauls,Piano,1936,NaN,TRUE,1/1/1936,,84,NaN,
Charlie Peacock,Keyboards,8/10/1956,NaN,TRUE,8/10/1956,,64,NaN,
Duke Pearson,Piano,8/17/1932,8/4/1980,FALSE,8/17/1932,8/4/1980,47,Multiple Sclerosis,
Eivin One Pedersen,Accordion,9/8/1956,2/22/2012,FALSE,9/8/1956,2/22/2012,55,NaN,
César Pedroso,Piano,1946,NaN,TRUE,1/1/1946,,74,NaN,
Bernard Peiffer,Piano,1922,1976,FALSE,1/1/1922,1/1/1976,53,NaN,
Kim Pensyl,Piano,NaN,NaN,NaN,,,NaN,NaN,
Marc Perrenoud,Piano,1981,NaN,TRUE,1/1/1981,,39,NaN,
Luis Perdomo,Piano,2/19/1971,NaN,TRUE,2/19/1971,,49,NaN,
Danilo Pérez,Piano,12/29/1965,NaN,TRUE,12/29/1965,,54,NaN,
Carl Perkins,Piano,8/16/1928,3/17/1958,FALSE,8/16/1928,3/17/1958,29,Overdose,
Oscar Peterson,Piano,8/15/1925,12/23/2007,FALSE,8/15/1925,12/23/2007,82,Kidney Failure,
Umberto Petrin,Piano,1960,NaN,TRUE,1/1/1960,,60,NaN,
Michel Petrucciani,Piano,12/28/1962,1/6/1999,FALSE,12/28/1962,1/6/1999,36,Lung Disease,
Willie Pickens,Piano,4/18/1931,12/12/2017,FALSE,4/18/1931,12/12/2017,86,Heart Attack,
Enrico Pieranunzi,Piano,12/5/1949,NaN,TRUE,12/5/1949,,70,NaN,
Billie Pierce,Piano,1907,9/29/1974,FALSE,1/1/1907,9/29/1974,67,NaN,
Nat Pierce,Piano,7/16/1925,6/10/1992,FALSE,7/16/1925,6/10/1992,66,Infection,
Roberta Piket,Piano,1966,NaN,TRUE,1/1/1966,,54,NaN,
Jean-Michel Pilc,Piano,10/19/1960,NaN,TRUE,10/19/1960,,59,NaN,
Mika Pohjola,Piano,12/1/1971,NaN,TRUE,12/1/1971,,48,NaN,
Terry Pollard,Piano,1931,2009,FALSE,1/1/1931,1/1/2009,78,NaN,
Paul Posnak,Piano,NaN,NaN,TRUE,,,NaN,NaN,
Bud Powell,Piano,9/27/1924,7/31/1966,FALSE,9/27/1924,7/31/1966,41,Tuberculosis,
Mel Powell,Piano,1923,1998,FALSE,1/1/1923,1/1/1998,75,Cancer (Liver),
Richie Powell,Piano,9/5/1931,6/26/1956,FALSE,9/5/1931,6/26/1956,24,Car Accident,
Roy Powell,Piano,1965,NaN,TRUE,1/1/1965,,55,NaN,
André Previn,Piano,4/6/1929,2/28/2019,FALSE,4/6/1929,2/28/2019,89,NaN,
Sammy Price,Piano,10/6/1908,4/14/1992,FALSE,10/6/1908,4/14/1992,83,Heart Attack,
Clarence Profit,Piano,1912,1944,FALSE,1/1/1912,1/1/1944,32,NaN,
John Proulx,Piano,1977,NaN,TRUE,1/1/1977,,NaN,NaN,
Don Pullen,Piano,12/25/1941,4/22/1995,FALSE,12/25/1941,4/22/1995,53,Lymphoma,
Kym Purling,Piano,11/2/1972,NaN,TRUE,11/2/1972,,47,NaN,
Alton Purnell,Piano,1911,1987,FALSE,1/1/1911,1/1/1987,76,NaN,
Sun Ra,Piano,5/22/1914,5/30/1993,FALSE,5/22/1914,5/30/1993,79,Heart Failure,
Johnny Răducanu,Double bass,12/1/1931,9/19/2011,FALSE,12/1/1931,9/19/2011,79,NaN,
Ziad Rahbani,Piano,1/1/1956,NaN,TRUE,1/1/1956,,64,NaN,
Eldbjørg Raknes,Vocals,2/9/1970,NaN,TRUE,2/9/1970,,50,NaN,
Iiro Rantala,Piano,1/19/1970,NaN,TRUE,1/19/1970,,50,NaN,
Ray Reach,Keyboards,8/3/1948,NaN,TRUE,8/3/1948,,72,NaN,
Jan Randall,Piano,7/26/1952,NaN,TRUE,7/26/1952,,68,NaN,
Don Randi,Piano,2/25/1937,NaN,TRUE,2/25/1937,,83,NaN,
Dana Reason,Piano,NaN,NaN,NaN,,,NaN,NaN,
Jason Rebello,Piano,3/29/1969,NaN,TRUE,3/29/1969,,51,NaN,
Freddie Redd,Piano,5/29/1928,NaN,TRUE,5/29/1928,,92,NaN,
Eric Reed,Piano,6/21/1970,NaN,TRUE,6/21/1970,,50,NaN,
Henri Renaud,Piano,1925,2002,FALSE,1/1/1925,1/1/2002,77,NaN,
Jason Reolon,Piano,11/2/1976,NaN,TRUE,11/2/1976,,43,NaN,
Eve Risser,Piano,1982,NaN,TRUE,1/1/1982,,38,NaN,
Sam Rivers,Tenor saxophone,9/25/1923,12/26/2011,FALSE,9/25/1923,12/26/2011,88,Pneumonia,
Luckey Roberts,Piano,1887-08-07,2/5/1968,FALSE,1887-08-07,2/5/1968,80,NaN,
Marcus Roberts,Piano,8/7/1963,NaN,TRUE,8/7/1963,,57,NaN,
J. Russell Robinson,Piano,7/8/1892,2/24/1963,FALSE,7/8/1892,2/24/1963,70,NaN,
Alfredo Rodríguez,Piano,10/25/1936,10/3/2005,FALSE,10/25/1936,10/3/2005,68,NaN,
Bryce Rohde,Piano,9/12/1923,1/26/2016,FALSE,9/12/1923,1/26/2016,92,NaN,
Matt Rollings,Keyboards,NaN,NaN,NaN,,,NaN,NaN,
Ted Rosenthal,Piano,1959,NaN,TRUE,1/1/1959,,61,NaN,
Renee Rosnes,Piano,3/24/1962,NaN,TRUE,3/24/1962,,58,NaN,
Florian Ross,Piano,1972,NaN,TRUE,1/1/1972,,48,NaN,
Scott Routenberg,Piano,1978,NaN,TRUE,1/1/1978,,42,NaN,
Jimmy Rowles,Piano,8/19/1918,5/28/1996,FALSE,8/19/1918,5/28/1996,77,Heart Attack,
Gonzalo Rubalcaba,Piano,5/27/1963,NaN,TRUE,5/27/1963,,57,NaN,
Hilton Ruiz,Piano,5/29/1952,6/6/2006,FALSE,5/29/1952,6/6/2006,54,Fall,
Otmaro Ruíz,Acoustic piano,6/27/1964,NaN,TRUE,6/27/1964,,56,NaN,
Patrice Rushen,Vocals,9/30/1954,NaN,TRUE,9/30/1954,,65,NaN,
Luis Russell,Piano,8/5/1902,12/11/1963,FALSE,8/5/1902,12/11/1963,61,NaN,
George Russell,Piano,6/23/1923,7/27/2009,FALSE,6/23/1923,7/27/2009,86,Alzheimer's,
Jacob Sacks,Piano,NaN,NaN,NaN,,,NaN,NaN,
Philippe Saisse,Keyboards,2/4/1957,NaN,TRUE,2/4/1957,,63,NaN,
Joe Sample,Piano,2/1/1939,9/12/2014,FALSE,2/1/1939,9/12/2014,75,Mesothelioma,
Arturo Sandoval,Trumpet,11/6/1949,NaN,TRUE,11/6/1949,,70,NaN,
Nick Sanders,Piano,NaN,NaN,NaN,,,NaN,NaN,
Christian Sands,Piano,5/22/1989,NaN,TRUE,5/22/1989,,31,NaN,
Jovino Santos-Neto,Piano,9/18/1954,NaN,TRUE,9/18/1954,,66,NaN,
Michel Sardaby,Piano,1935,NaN,TRUE,1/1/1935,,85,NaN,
Bernardo Sassetti,Piano,6/24/1970,5/10/2012,FALSE,6/24/1970,5/10/2012,41,Fall,
Masahiko Satoh,Piano,10/6/1941,NaN,TRUE,10/6/1941,,78,NaN,
Gaea Schell,Piano,1975,NaN,TRUE,1/1/1975,,45,NaN,
Lalo Schifrin,Piano,6/21/1932,NaN,TRUE,6/21/1932,,88,NaN,
Alexander von Schlippenbach,Piano,4/7/1938,NaN,TRUE,4/7/1938,,82,NaN,
Rob Schneiderman,Piano,6/21/1957,NaN,TRUE,6/21/1957,,63,NaN,
Diane Schuur,Vocals,12/10/1953,NaN,TRUE,12/10/1953,,66,NaN,
Irène Schweizer,Piano,6/2/1941,NaN,TRUE,6/2/1941,,79,NaN,
Hazel Scott,Piano,1920,1981,FALSE,1/1/1920,1/1/1981,61,Cancer,
Stephen Scott,Piano,1969,NaN,TRUE,1/1/1969,,51,NaN,
Bernie Senensky,Piano,12/31/1944,NaN,TRUE,12/31/1944,,75,NaN,
George Shearing,Piano,8/13/1919,2/14/2011,FALSE,8/13/1919,2/14/2011,91,Heart Failure,
John Sheridan,Piano,1/20/1946,NaN,TRUE,1/20/1946,,74,NaN,
Jake Sherman,Piano,NaN,NaN,NaN,,,NaN,NaN,
Yutaka Shiina,Piano,9/23/1964,NaN,TRUE,9/23/1964,,56,NaN,
Matthew Shipp,Piano,12/7/1960,NaN,TRUE,12/7/1960,,59,NaN,
Ayako Shirasaki,Piano,1963,NaN,TRUE,1/1/1963,,57,NaN,
Don Shirley,Piano,1927,2013,FALSE,1/1/1927,1/1/2013,86,Heart Disease,
Travis Shook,Piano,3/10/1969,NaN,TRUE,3/10/1969,,51,NaN,
Bobby Short,Piano,9/15/1924,3/21/2005,FALSE,9/15/1924,3/21/2005,80,Leukemia,
Carl Shroeder,Piano,NaN,NaN,NaN,,,NaN,NaN,
Ofir Shwartz,Piano,7/13/1979,NaN,TRUE,7/13/1979,,41,NaN,
Ben Sidran,Piano,8/14/1943,NaN,TRUE,8/14/1943,,77,NaN,
Horace Silver,Piano,9/2/1928,6/18/2014,FALSE,9/2/1928,6/18/2014,85,Alzheimer's,
Gwilym Simcock,Piano,2/24/1981,NaN,TRUE,2/24/1981,,39,NaN,
Norman Simmons,Piano,1929,NaN,TRUE,1/1/1929,,91,NaN,
Edward Simon,Piano,7/27/1969,NaN,TRUE,7/27/1969,,51,NaN,
Nina Simone,Piano,2/21/1933,4/21/2003,FALSE,2/21/1933,4/21/2003,70,Cancer (Breast),
Ruslan Sirota,Piano,1980,NaN,TRUE,1/1/1980,,40,NaN,
Reidar Skår,Keyboards,3/13/1964,NaN,TRUE,3/13/1964,,56,NaN,
Erlend Skomsvoll,Piano,5/12/1969,NaN,TRUE,5/12/1969,,51,NaN,
Baard Slagsvold,Vocals,8/31/1963,NaN,TRUE,8/31/1963,,57,NaN,
Erlend Slettevoll,Piano,10/26/1981,NaN,TRUE,10/26/1981,,38,NaN,
Cliff Smalls,Piano,1918,2008,FALSE,1/1/1918,1/1/2008,90,NaN,
"Clarence ""Pinetop"" Smith",Piano,6/11/1904,3/15/1929,FALSE,6/11/1904,3/15/1929,24,Murdered,
Paul Smith,Piano,1922,6/29/2013,FALSE,1/1/1922,6/29/2013,91,Heart Failure,
"Willie ""The Lion"" Smith",Piano,1893-11-23,4/18/1973,FALSE,1893-11-23,4/18/1973,79,NaN,
Martial Solal,Piano,8/23/1927,NaN,TRUE,8/23/1927,,93,NaN,
Jess Stacy,Piano,8/11/1904,1/1/1995,FALSE,8/11/1904,1/1/1995,90,Heart Failure,
Bobo Stenson,Piano,8/4/1944,NaN,TRUE,8/4/1944,,76,NaN,
Tommy Stewart,Trumpet,11/19/1939,NaN,TRUE,11/19/1939,,80,NaN,
Vigleik Storaas,Piano,2/2/1963,NaN,TRUE,2/2/1963,,57,NaN,
Ståle Storløkken,Keyboards,2/22/1969,NaN,TRUE,2/22/1969,,51,NaN,
Geoff Stradling,Piano,1955,NaN,TRUE,1/1/1955,,65,NaN,
Charley Straight,Piano,1891,1940,FALSE,1891-01-01,1/1/1940,48,Car Accident,
Billy Strayhorn,Piano,11/29/1915,5/31/1967,FALSE,11/29/1915,5/31/1967,51,Cancer (Esophagus),
Frank Strazzeri,Piano,4/24/1930,5/9/2014,FALSE,4/24/1930,5/9/2014,84,NaN,
Dana Suesse,Piano,1909,10/16/1987,FALSE,1/1/1909,10/16/1987,78,Stroke,
Joe Sullivan,Piano,1906,10/13/1971,FALSE,1/1/1906,10/13/1971,65,NaN,
Helen Sung,Piano,NaN,NaN,NaN,,,NaN,NaN,
Ralph Sutton,Piano,11/4/1922,12/30/2001,FALSE,11/4/1922,12/30/2001,79,Stroke,
Esbjörn Svensson,Piano,4/16/1964,6/14/2008,FALSE,4/16/1964,6/14/2008,44,Diving Accident,
Hermann Szobel,Piano,1958,NaN,TRUE,1/1/1958,,62,NaN,
Craig Taborn,Piano,2/20/1970,NaN,TRUE,2/20/1970,,50,NaN,
Aki Takase,Piano,1/26/1948,NaN,TRUE,1/26/1948,,72,NaN,
Ayumi Tanaka,Piano,1986,NaN,TRUE,1/1/1986,,34,NaN,
Israel Tanenbaum,Piano,1961,NaN,TRUE,1/1/1961,,59,NaN,
Horace Tapscott,Piano,4/6/1934,2/27/1999,FALSE,4/6/1934,2/27/1999,64,NaN,
Art Tatum,Piano,10/13/1909,11/5/1956,FALSE,10/13/1909,11/5/1956,47,Kidney Failure,
Billy Taylor,Piano,7/24/1921,12/28/2010,FALSE,7/24/1921,12/28/2010,89,Heart Attack,
Cecil Taylor,Piano,3/25/1929,4/5/2018,FALSE,3/25/1929,4/5/2018,89,NaN,
John Taylor,Piano,9/25/1942,7/17/2015,FALSE,9/25/1942,7/17/2015,72,Heart Attack,
Richard Tee,Keyboards,11/24/1943,7/21/1993,FALSE,11/24/1943,7/21/1993,49,Cancer (Prostate),
Jacky Terrasson,Piano,11/27/1965,NaN,TRUE,11/27/1965,,54,NaN,
Pat Thomas,Piano,1960,NaN,TRUE,1/1/1960,,60,NaN,
Don Thompson,Double bass,1/18/1940,NaN,TRUE,1/18/1940,,80,NaN,
Butch Thompson,Piano,11/28/1943,NaN,TRUE,11/28/1943,,76,NaN,
Sir Charles Thompson,Piano,1918,2016,FALSE,1/1/1918,1/1/2016,98,NaN,
Claude Thornhill,Piano,8/10/1908,7/1/1965,FALSE,8/10/1908,7/1/1965,56,Heart Attack,
Bobby Timmons,Piano,12/19/1935,3/1/1974,FALSE,12/19/1935,3/1/1974,38,Liver Failure,
Keith Tippett,Piano,8/25/1947,6/14/2020,FALSE,8/25/1947,6/14/2020,72,NaN,
Billy Tipton,Piano,12/29/1914,1/21/1989,FALSE,12/29/1914,1/21/1989,74,Peptic Ulcer,
Paul Tobey,Piano,9/7/1962,NaN,TRUE,9/7/1962,,58,NaN,
Tim Tobias,Piano,7/1/1952,12/23/2006,FALSE,7/1/1952,12/23/2006,54,NaN,
Lee Tomboulian,Piano,1/8/1960,NaN,TRUE,1/8/1960,,60,NaN,
Kevin Toney,Piano,1953,NaN,TRUE,1/1/1953,,67,NaN,
Allen Toussaint,Vocals,1/14/1938,11/10/2015,FALSE,1/14/1938,11/10/2015,77,Heart Attack,
Stan Tracey,Piano,12/30/1926,12/6/2013,FALSE,12/30/1926,12/6/2013,86,Cancer,
Lennie Tristano,Piano,3/19/1919,11/18/1978,FALSE,3/19/1919,11/18/1978,59,Heart Attack,
Baptiste Trotignon,Piano,1974,NaN,TRUE,1/1/1974,,46,NaN,
Terry Trotter,Piano,NaN,NaN,NaN,,,NaN,NaN,
Bobby Troup,Piano,1918,1999,FALSE,1/1/1918,1/1/1999,81,Heart Attack,
Alexander Tsfasman,Piano,1906,1971,FALSE,1/1/1906,1/1/1971,65,NaN,
Dick Twardzik,Piano,4/30/1931,10/21/1955,FALSE,4/30/1931,10/21/1955,24,Overdose (Heroin),
McCoy Tyner,Piano,12/11/1938,3/6/2020,FALSE,12/11/1938,3/6/2020,81,NaN,
Hiromi Uehara,Piano,3/26/1979,NaN,TRUE,3/26/1979,,41,NaN,
Andreas Ulvo,Piano,7/22/1983,NaN,TRUE,7/22/1983,,37,NaN,
René Urtreger,Piano,7/6/1934,NaN,TRUE,7/6/1934,,86,NaN,
Bebo Valdés,Piano,10/9/1918,3/22/2013,FALSE,10/9/1918,3/22/2013,94,Alzheimer's,
Chucho Valdés,Piano,10/9/1941,NaN,TRUE,10/9/1941,,78,NaN,
Jose Valdes,Piano,8/4/1957,NaN,TRUE,8/4/1957,,63,NaN,
Manuel Valera,Piano,10/17/1980,NaN,TRUE,10/17/1980,,39,NaN,
Ramón Valle,Piano,12/29/1964,NaN,TRUE,12/29/1964,,55,NaN,
Colin Vallon,Piano,11/17/1980,NaN,TRUE,11/17/1980,,39,NaN,
Fred Van Hove,Piano,1937,NaN,TRUE,1/1/1937,,83,NaN,
Johnny Varro,Piano,1930,NaN,TRUE,1/1/1930,,90,NaN,
Tom Vaughn,Piano,10/13/1936,3/4/2011,FALSE,10/13/1936,3/4/2011,74,NaN,
Glauco Venier,Piano,9/8/1962,NaN,TRUE,9/8/1962,,58,NaN,
David Virelles,Piano,1983,NaN,TRUE,1/1/1983,,37,NaN,
Dick Voynow,Piano,1900,1944,FALSE,1/1/1900,1/1/1944,43,Illness,
Mal Waldron,Piano,8/16/1925,12/2/2002,FALSE,8/16/1925,12/2/2002,77,Cancer (Lung),
Fats Waller,Piano,5/21/1904,12/15/1943,FALSE,5/21/1904,12/15/1943,39,Pneumonia,
Per Henrik Wallin,Piano,1946,2005,FALSE,1/1/1946,1/1/2005,59,NaN,
George Wallington,Piano,10/27/1924,2/15/1993,FALSE,10/27/1924,2/15/1993,68,NaN,
Christian Wallumrød,Piano,4/26/1971,NaN,TRUE,4/26/1971,,49,NaN,
David Wallumrød,Piano,10/2/1977,NaN,TRUE,10/2/1977,,42,NaN,
Cedar Walton,Piano,1934,8/19/2013,FALSE,1/1/1934,8/19/2013,79,Illness,
Dominik Wania,Piano,11/24/1981,NaN,TRUE,11/24/1981,,38,NaN,
Roosevelt Wardell,Piano,1934,1999,FALSE,1/1/1934,1/1/1999,65,NaN,
Huw Warren,Piano,5/18/1962,NaN,TRUE,5/18/1962,,58,NaN,
Earl Washington,Piano,1921,1975,FALSE,1/1/1921,1/1/1975,53,Heart Attack,
Fred Washington,Piano,1900,?,FALSE,1/1/1900,,nan,NaN,
Marcin Wasilewski,Piano,1975,NaN,TRUE,1/1/1975,,45,NaN,
Trevor Watkis,Piano,1971,NaN,TRUE,1/1/1971,,49,NaN,
Teddy Weatherford,Piano,1903,1945,FALSE,1/1/1903,1/1/1945,42,Cholera,
Florian Weber,Piano,1977,NaN,TRUE,1/1/1977,,43,NaN,
Vince Weber,Piano,10/26/1953,2/23/2020,FALSE,10/26/1953,2/23/2020,66,NaN,
Gerry Weil,Piano,8/11/1939,NaN,TRUE,8/11/1939,,81,NaN,
Michael Weiss,Piano,1958,NaN,TRUE,1/1/1958,,62,NaN,
Dick Wellstood,Piano,11/25/1927,7/24/1987,FALSE,11/25/1927,7/24/1987,59,Heart Attack,
Kenny Werner,Piano,11/19/1951,NaN,TRUE,11/19/1951,,68,NaN,
Bugge Wesseltoft,Piano,2/1/1964,NaN,TRUE,2/1/1964,,56,NaN,
Mike Westbrook,Piano,3/21/1936,NaN,TRUE,3/21/1936,,84,NaN,
Randy Weston,Piano,4/6/1926,9/1/2018,FALSE,4/6/1926,9/1/2018,92,NaN,
Gerald Wiggins,Piano,5/12/1922,7/13/2008,FALSE,5/12/1922,7/13/2008,86,NaN,
Håvard Wiik,Piano,3/10/1975,NaN,TRUE,3/10/1975,,45,NaN,
Rudi Wilfer,Piano,1936,NaN,TRUE,1/1/1936,,84,NaN,
Clarence Williams,Piano,1893-10-08,1965,FALSE,1893-10-08,1/1/1965,71,NaN,
James Williams,Piano,1951,2004,FALSE,1/1/1951,1/1/2004,53,Cancer (Liver),
Jessica Williams,Piano,3/17/1948,NaN,TRUE,3/17/1948,,72,NaN,
John Williams,Piano,1929,2018,FALSE,1/1/1929,1/1/2018,89,NaN,
Mary Lou Williams,Piano,5/8/1910,5/28/1981,FALSE,5/8/1910,5/28/1981,71,Cancer (Bladder),
Claude Williamson,Piano,1926,2016,FALSE,1/1/1926,1/1/2016,90,NaN,
Larry Willis,Piano,12/20/1942,9/29/2019,FALSE,12/20/1942,9/29/2019,76,NaN,
Buster Wilson,Piano,1897,1949,FALSE,1897-01-01,1/1/1949,51,Pneumonia,
Garland Wilson,Piano,6/13/1909,5/31/1954,FALSE,6/13/1909,5/31/1954,44,NaN,
Jack Wilson,Piano,8/3/1936,10/5/2007,FALSE,8/3/1936,10/5/2007,71,Diabetes,
Teddy Wilson,Piano,11/24/1912,7/31/1986,FALSE,11/24/1912,7/31/1986,73,Cancer (Stomach),
Mike Wofford,Piano,1938,NaN,TRUE,1/1/1938,,82,NaN,
Michael Wolff,Piano,7/31/1952,NaN,TRUE,7/31/1952,,68,NaN,
Michael Wollny,Piano,1978,NaN,TRUE,1/1/1978,,42,NaN,
Richard Wyands,Piano,7/2/1928,9/25/2019,FALSE,7/2/1928,9/25/2019,91,NaN,
Howard Wyeth,Drums,4/22/1944,3/27/1996,FALSE,4/22/1944,3/27/1996,51,Heart Attack,
Tsuyoshi Yamamoto,Piano,3/23/1948,NaN,TRUE,3/23/1948,,72,NaN,
Chihiro Yamanaka,Piano,1976,NaN,TRUE,1/1/1976,,44,NaN,
Yosuke Yamashita,Piano,2/26/1942,NaN,TRUE,2/26/1942,,78,NaN,
Jimmy Yancey,Piano,2/20/1894,NaN,TRUE,9/17/1951,,57,Stroke,
Alon Yavnai,Piano,1969,NaN,TRUE,1/1/1969,,51,NaN,
Andile Yenana,Piano,1968,NaN,TRUE,1/1/1968,,52,NaN,
Yitzhak Yedid,Piano,9/29/1971,NaN,TRUE,9/29/1971,,48,NaN,
Rachel Z,Keyboards,1972,NaN,TRUE,1/1/1972,,48,NaN,
Peter Zak,Piano,5/13/1965,NaN,TRUE,5/13/1965,,55,NaN,
Glenn Zaleski,Piano,1987,NaN,TRUE,1/1/1987,,33,NaN,
Marcelo Zarvos,Piano,1969,NaN,TRUE,1/1/1969,,51,NaN,
Josef Zawinul,Keyboards,7/7/1932,9/11/2007,FALSE,7/7/1932,9/11/2007,75,Cancer (Skin),
Denny Zeitlin,Piano,4/10/1938,NaN,TRUE,4/10/1938,,82,NaN,
Pablo Ziegler,Piano,1944,NaN,TRUE,1/1/1944,,76,NaN,
Bojan Zulfikarpašić,Piano,2/2/1968,NaN,TRUE,2/2/1968,,52,NaN,
Axel Zwingenberger,Piano,5/7/1955,NaN,TRUE,5/7/1955,,65,NaN,
,,,,,,,,,
,,,,,,,,,
,,,,,,,,,
,,, ,,,,,,
